{
    "name": "ellipsis",
    "title": "jQuery ellipsis",
    "description": "Support multiple lines ellipsis",
    "version": "1.1.1",
    "author": {
        "name": "Kenji Abe",
        "email": "kenji.01.star@gmail.com",
        "url": "https://github.com/STAR-ZERO"
    },
    "dependencies": {
        "jquery": ">=1.7.0"
    },
    "licenses": [{
        "type": "MIT",
        "url": "https://github.com/STAR-ZERO/jquery-ellipsis/blob/master/LICENSE-MIT"}
    ],
    "keywords": ["ellipsis", "show"],
    "bugs": "https://github.com/STAR-ZERO/jquery-ellipsis/issues",
    "homepage": "https://github.com/STAR-ZERO/jquery-ellipsis",
    "docs": "https://github.com/STAR-ZERO/jquery-ellipsis"
}
